site,description,tag
max-family14,Max family profiles and parental controls,entertainment
calendly,Scheduling and meeting booking tool,productivity
airtable,Spreadsheet‑database for organizing work,productivity
soundcloud,Music sharing and indie streaming,entertainment
whatsapp-mobile52,Mobile app access for Whatsapp on iOS and Android,communication
clickup-billing7,"Clickup billing, subscriptions and invoices",productivity
paramountplus-mobile84,Mobile app access for Paramountplus on iOS and Android,entertainment
hulu,TV shows and movies on demand,entertainment
shein-login17,Login page for Shein account access,shopping
facebook-premium91,Facebook premium plan with extra features,social
asana-backup96,"Asana backups, history and versioning",productivity
quora-signup51,Create a new Quora account and start using the service,social
netflix,Streaming service for movies and TV shows,entertainment
ebay-cart93,Ebay shopping cart and checkout,shopping
walmart-support70,Walmart help center and customer support,shopping
target-reports44,"Target analytics, usage reports and insights",shopping
chase-reports76,"Chase analytics, usage reports and insights",finance
ebay-login33,Login page for Ebay account access,shopping
trello,Kanban boards for tasks and projects,productivity
coinbase-support102,Coinbase help center and customer support,finance
youtube,Video sharing and streaming platform,entertainment
cashapp-web5,Web portal for Cashapp with dashboard and tools,finance
gmailworkspaces-admin25,Gmailworkspaces admin console for managing users and settings,communication
soundcloud-account18,Soundcloud account management and profile settings,entertainment
stripe-cards29,"Stripe cards, payments and statements",finance
chase-transfers46,Chase money transfers and recipients,finance
twitter-mobile68,Mobile app access for Twitter on iOS and Android,social
bestbuy-support102,Bestbuy help center and customer support,shopping
shopify-orders46,"Shopify order history, tracking and returns",shopping
shopify-reports76,"Shopify analytics, usage reports and insights",shopping
slack,Team messaging and channels for work,communication
instagram-creator93,Instagram tools for creators and content management,social
crunchyroll,Anime streaming service,entertainment
whatsapp,Mobile messaging with calls and media,communication
gmailworkspaces,Business email and collaboration suite,communication
americanexpress-web21,Web portal for Americanexpress with dashboard and tools,finance
todoist-templates13,"Todoist templates, boards and project setup",productivity
peacock-security56,Peacock security settings and multi‑factor authentication,entertainment
shopify-cart45,Shopify shopping cart and checkout,shopping
snapchat-security40,Snapchat security settings and multi‑factor authentication,social
wellsfargo-reports108,"Wellsfargo analytics, usage reports and insights",finance
tiktok,Short‑form video sharing platform,social
revolut-login97,Login page for Revolut account access,finance
ebay-orders94,"Ebay order history, tracking and returns",shopping
stripe,Online payments infrastructure for businesses,finance
binance-developer74,"Binance developer portal, APIs and docs",finance
amazon,Online marketplace for a wide range of products,shopping
disneyplus-signup67,Create a new Disneyplus account and start using the service,entertainment
teams,"Microsoft team chat, meetings and collaboration",communication
ebay,Auctions and marketplace for new and used items,shopping
soundcloud,Music sharing and indie streaming,entertainment
amazon,Online marketplace for a wide range of products,shopping
venmo-invest63,"Venmo investing, portfolio and markets",finance
crunchyroll-mobile52,Mobile app access for Crunchyroll on iOS and Android,entertainment
linkedin-events16,Linkedin events planning and invitations,social
quora,Q&A community where people ask and answer questions,social
soundcloud-family78,Soundcloud family profiles and parental controls,entertainment
twitter-billing7,"Twitter billing, subscriptions and invoices",social
revolut,Digital banking with cards and currency exchange,finance
confluence-support102,Confluence help center and customer support,productivity
sofi,"Loans, credit and personal finance app",finance
twitter,Microblogging and real‑time updates platform,social
deezer-reports28,"Deezer analytics, usage reports and insights",entertainment
stripe,Online payments infrastructure for businesses,finance
hulu-web69,Web portal for Hulu with dashboard and tools,entertainment
calendly,Scheduling and meeting booking tool,productivity
soundcloud-reports108,"Soundcloud analytics, usage reports and insights",entertainment
adidas-support22,Adidas help center and customer support,shopping
threads-groups47,Threads groups and communities overview,social
audible,Audiobooks and spoken‑word entertainment,entertainment
reddit-security72,Reddit security settings and multi‑factor authentication,social
discord,Group chat with voice channels and communities,communication
audible-reports60,"Audible analytics, usage reports and insights",entertainment
airtable-login49,Login page for Airtable account access,productivity
robinhood-mobile84,Mobile app access for Robinhood on iOS and Android,finance
americanexpress-account82,Americanexpress account management and profile settings,finance
primevideo-web101,Web portal for Primevideo with dashboard and tools,entertainment
weibo,Chinese microblogging social network,social
audible-premium59,Audible premium plan with extra features,entertainment
venmo-transfers94,Venmo money transfers and recipients,finance
clickup-security8,Clickup security settings and multi‑factor authentication,productivity
linkedin,Professional networking and career profiles,social
binance,Global cryptocurrency exchange platform,finance
linkedin-creator45,Linkedin tools for creators and content management,social
coinbase-web101,Web portal for Coinbase with dashboard and tools,finance
netflix-offline32,Netflix offline downloads and playback,entertainment
nike-orders110,"Nike order history, tracking and returns",shopping
notion-automation31,"Notion automations, rules and integrations",productivity
icloud-admin57,Icloud admin console for managing users and settings,productivity
wellsfargo-premium107,Wellsfargo premium plan with extra features,finance
outlook,Microsoft email and calendar service,communication
telegram,Cloud‑based messaging with large groups,communication
twitch,Live game streaming and creator channels,entertainment
cashapp,Personal payments and investing app,finance
airtable-backup80,"Airtable backups, history and versioning",productivity
slack,Team messaging and channels for work,communication
asana,Project and task management for teams,productivity
clubhouse-premium59,Clubhouse premium plan with extra features,social
pinterest,Visual discovery and bookmarking platform,social
evernote-developer106,"Evernote developer portal, APIs and docs",productivity
trello,Kanban boards for tasks and projects,productivity
teams-reports12,"Teams analytics, usage reports and insights",communication
walmart,Retailer for groceries and general goods,shopping
stripe-reports60,"Stripe analytics, usage reports and insights",finance
audible-developer90,"Audible developer portal, APIs and docs",entertainment
spotify-offline96,Spotify offline downloads and playback,entertainment
spotify-mobile36,Mobile app access for Spotify on iOS and Android,entertainment
ikea-mobile84,Mobile app access for Ikea on iOS and Android,shopping
paypal-login1,Login page for Paypal account access,finance
booking-security56,Booking security settings and multi‑factor authentication,shopping
applemusic,Music streaming from Apple,entertainment
todoist-security104,Todoist security settings and multi‑factor authentication,productivity
bestbuy-web101,Web portal for Bestbuy with dashboard and tools,shopping
jira-signup99,Create a new Jira account and start using the service,productivity
weibo-developer58,"Weibo developer portal, APIs and docs",social
yahoo-account66,Yahoo account management and profile settings,communication
coinbase-reports12,"Coinbase analytics, usage reports and insights",finance
aliexpress,Global marketplace with budget products,shopping
paramountplus,Streaming platform for series and movies,entertainment
fidelity-web85,Web portal for Fidelity with dashboard and tools,finance
walmart-billing39,"Walmart billing, subscriptions and invoices",shopping
gmail-contacts61,"Gmail contacts, address book and labels",communication
notion,"All‑in‑one notes, tasks and docs workspace",productivity
venmo,Mobile peer‑to‑peer money transfer app,finance
wellsfargo-invest47,"Wellsfargo investing, portfolio and markets",finance
hulu-billing39,"Hulu billing, subscriptions and invoices",entertainment
peacock-billing55,"Peacock billing, subscriptions and invoices",entertainment
skype,Voice and video calling with chat,communication
ikea,Furniture and home goods online shop,shopping
figma,Collaborative interface design platform,productivity
spotify-account66,Spotify account management and profile settings,entertainment
bestbuy,Electronics and appliances retailer,shopping
cashapp-account66,Cashapp account management and profile settings,finance
shein-reports108,"Shein analytics, usage reports and insights",shopping
applemusic-signup19,Create a new Applemusic account and start using the service,entertainment
twitter-web37,Web portal for Twitter with dashboard and tools,social
quora,Q&A community where people ask and answer questions,social
venmo,Mobile peer‑to‑peer money transfer app,finance
threads-login17,Login page for Threads account access,social
mastodon,Decentralized social networking platform,social
clubhouse-ads30,Clubhouse advertising manager and campaigns,social
robinhood-support54,Robinhood help center and customer support,finance
asana-mobile36,Mobile app access for Asana on iOS and Android,productivity
wellsfargo,"Bank for accounts, credit and mortgages",finance
walmart-security40,Walmart security settings and multi‑factor authentication,shopping
ikea-support54,Ikea help center and customer support,shopping
asana-automation95,"Asana automations, rules and integrations",productivity
americanexpress-mobile52,Mobile app access for Americanexpress on iOS and Android,finance
todoist-billing103,"Todoist billing, subscriptions and invoices",productivity
binance-billing103,"Binance billing, subscriptions and invoices",finance
spotify-premium95,Spotify premium subscription for ad‑free streaming,entertainment
linkedin-developer106,"Linkedin developer portal, APIs and docs",social
etsy-seller96,Etsy seller center and storefront tools,shopping
outlook-notifications64,Outlook notifications and preferences,communication
bestbuy-security72,Bestbuy security settings and multi‑factor authentication,shopping
gmailworkspaces-support86,Gmailworkspaces help center and customer support,communication
cashapp-invest95,"Cashapp investing, portfolio and markets",finance
airtable-mobile20,Mobile app access for Airtable on iOS and Android,productivity
reddit,Community discussion boards and forums,social
ebay-account34,Ebay account management and profile settings,shopping
youtube-premium63,Youtube premium subscription for ad‑free streaming,entertainment
clickup,"Tasks, docs, goals and timelines in one place",productivity
hulu-signup99,Create a new Hulu account and start using the service,entertainment
hulu-mobile100,Mobile app access for Hulu on iOS and Android,entertainment
adidas-web21,Web portal for Adidas with dashboard and tools,shopping
notion,"All‑in‑one notes, tasks and docs workspace",productivity
sofi-security88,Sofi security settings and multi‑factor authentication,finance
evernote,Notes organization and web clipping,productivity
wise,Low‑fee international money transfers and accounts,finance
cashapp-crypto96,Cashapp crypto wallet and trading features,finance
telegram,Cloud‑based messaging with large groups,communication
protonmail-login97,Login page for Protonmail account access,communication
pinterest-developer74,"Pinterest developer portal, APIs and docs",social
target-security104,Target security settings and multi‑factor authentication,shopping
teams-support102,Teams help center and customer support,communication
telegram-mobile20,Mobile app access for Telegram on iOS and Android,communication
stripe,Online payments infrastructure for businesses,finance
paypal-transfers62,Paypal money transfers and recipients,finance
figma-developer90,"Figma developer portal, APIs and docs",productivity
clickup,"Tasks, docs, goals and timelines in one place",productivity
discord-premium107,Discord premium plan with extra features,communication
notion-account2,Notion account management and profile settings,productivity
mailchimp-contacts29,"Mailchimp contacts, address book and labels",communication
soundcloud-login17,Login page for Soundcloud account access,entertainment
aliexpress-security8,Aliexpress security settings and multi‑factor authentication,shopping
facebook-reports92,"Facebook analytics, usage reports and insights",social
skype,Voice and video calling with chat,communication
whatsapp-web21,Web portal for Whatsapp with dashboard and tools,communication
target,General retail and household goods,shopping
onedrive,Microsoft cloud storage and file sync,productivity
shein,Fast‑fashion clothing e‑commerce,shopping
calendly-reports108,"Calendly analytics, usage reports and insights",productivity
max-security104,Max security settings and multi‑factor authentication,entertainment
americanexpress-support22,Americanexpress help center and customer support,finance
paypal-invest31,"Paypal investing, portfolio and markets",finance
telegram-account50,Telegram account management and profile settings,communication
americanexpress,Credit cards and financial services,finance
sofi-reports28,"Sofi analytics, usage reports and insights",finance
twitch-premium75,Twitch premium plan with extra features,entertainment
beReal,Authentic daily photo sharing with friends,social
mastodon-mobile20,Mobile app access for Mastodon on iOS and Android,social
paramountplus-billing23,"Paramountplus billing, subscriptions and invoices",entertainment
airtable,Spreadsheet‑database for organizing work,productivity
disneyplus-support38,Disneyplus help center and customer support,entertainment
amazon-account2,Amazon account management and profile settings,shopping
youtube-offline64,Youtube offline downloads and playback,entertainment
quora,Q&A community where people ask and answer questions,social
expedia,"Flights, hotels and travel packages",shopping
discord-reports108,"Discord analytics, usage reports and insights",communication
evernote,Notes organization and web clipping,productivity
pinterest-reports44,"Pinterest analytics, usage reports and insights",social
tiktok,Short‑form video sharing platform,social
amazon-cart61,Amazon shopping cart and checkout,shopping
calendly,Scheduling and meeting booking tool,productivity
max-billing103,"Max billing, subscriptions and invoices",entertainment
bankofamerica-transfers110,Bankofamerica money transfers and recipients,finance
applemusic-library109,"Applemusic library, watchlist and downloads",entertainment
fidelity-billing55,"Fidelity billing, subscriptions and invoices",finance
nike-login49,Login page for Nike account access,shopping
icloud-premium27,Icloud premium plan with extra features,productivity
venmo,Mobile peer‑to‑peer money transfer app,finance
evernote,Notes organization and web clipping,productivity
etsy,Marketplace for handmade and vintage goods,shopping
instagram-login33,Login page for Instagram account access,social
bestbuy-developer42,"Bestbuy developer portal, APIs and docs",shopping
facebook-account2,Facebook account management and profile settings,social
audible-library29,"Audible library, watchlist and downloads",entertainment
teams-premium11,Teams premium plan with extra features,communication
shein-wishlist47,Shein wishlist and saved items,shopping
paramountplus-security24,Paramountplus security settings and multi‑factor authentication,entertainment
protonmail-billing7,"Protonmail billing, subscriptions and invoices",communication
shein-premium107,Shein premium plan with extra features,shopping
slack,Team messaging and channels for work,communication
applemusic-account50,Applemusic account management and profile settings,entertainment
beReal,Authentic daily photo sharing with friends,social
quora-web21,Web portal for Quora with dashboard and tools,social
binance-premium43,Binance premium plan with extra features,finance
expedia,"Flights, hotels and travel packages",shopping
wellsfargo-login17,Login page for Wellsfargo account access,finance
americanexpress-invest111,"Americanexpress investing, portfolio and markets",finance
instagram,Photo and short‑video social network,social
fidelity-admin25,Fidelity admin console for managing users and settings,finance
hulu-admin9,Hulu admin console for managing users and settings,entertainment
icloud-security88,Icloud security settings and multi‑factor authentication,productivity
venmo-cards93,"Venmo cards, payments and statements",finance
pinterest-admin73,Pinterest admin console for managing users and settings,social
yahoo,Webmail and portal service,communication
quora-mobile52,Mobile app access for Quora on iOS and Android,social
weibo,Chinese microblogging social network,social
bankofamerica-crypto80,Bankofamerica crypto wallet and trading features,finance
vk-billing55,"Vk billing, subscriptions and invoices",social
shopify-admin105,Shopify admin console for managing users and settings,shopping
dropbox-login81,Login page for Dropbox account access,productivity
bestbuy,Electronics and appliances retailer,shopping
zoom-premium43,Zoom premium plan with extra features,communication
chase,"US bank with checking, credit cards and loans",finance
max,Premium shows and films (HBO Max),entertainment
booking-billing55,"Booking billing, subscriptions and invoices",shopping
doordash-premium59,Doordash premium plan with extra features,shopping
instagram-mobile4,Mobile app access for Instagram on iOS and Android,social
todoist,Personal and team to‑do lists and projects,productivity
sendgrid-security88,Sendgrid security settings and multi‑factor authentication,communication
tiktok-login65,Login page for Tiktok account access,social
revolut,Digital banking with cards and currency exchange,finance
skype-notifications16,Skype notifications and preferences,communication
ikea-billing23,"Ikea billing, subscriptions and invoices",shopping
icloud-billing87,"Icloud billing, subscriptions and invoices",productivity
gmail-meet31,"Gmail meetings, video calls and calendar",communication
deezer-billing87,"Deezer billing, subscriptions and invoices",entertainment
gmail-notifications32,Gmail notifications and preferences,communication
skype,Voice and video calling with chat,communication
mastodon-groups79,Mastodon groups and communities overview,social
shopify,Commerce platform for online stores,shopping
fidelity-security56,Fidelity security settings and multi‑factor authentication,finance
twitch-premium15,Twitch premium subscription for ad‑free streaming,entertainment
twitter,Microblogging and real‑time updates platform,social
bankofamerica-mobile20,Mobile app access for Bankofamerica on iOS and Android,finance
hulu,TV shows and movies on demand,entertainment
vk,Social media and messaging platform,social
calendly-templates77,"Calendly templates, boards and project setup",productivity
deezer-developer58,"Deezer developer portal, APIs and docs",entertainment
icloud,Apple cloud storage and device backup,productivity
bankofamerica,Traditional bank with credit and savings products,finance
robinhood,Commission‑free stock and crypto trading app,finance
stripe-transfers30,Stripe money transfers and recipients,finance
trello-login33,Login page for Trello account access,productivity
discord-login17,Login page for Discord account access,communication
discord-contacts77,"Discord contacts, address book and labels",communication
coinbase,Cryptocurrency exchange and wallet service,finance
shein-orders78,"Shein order history, tracking and returns",shopping
shopify-premium75,Shopify premium plan with extra features,shopping
onedrive-support86,Onedrive help center and customer support,productivity
netflix,Streaming service for movies and TV shows,entertainment
sendgrid-billing87,"Sendgrid billing, subscriptions and invoices",communication
telegram-signup19,Create a new Telegram account and start using the service,communication
mailchimp-developer90,"Mailchimp developer portal, APIs and docs",communication
aliexpress-mobile68,Mobile app access for Aliexpress on iOS and Android,shopping
outlook-meet63,"Outlook meetings, video calls and calendar",communication
tiktok-web5,Web portal for Tiktok with dashboard and tools,social
pinterest-security104,Pinterest security settings and multi‑factor authentication,social
deezer-premium27,Deezer premium plan with extra features,entertainment
teams-billing71,"Teams billing, subscriptions and invoices",communication
slack-signup99,Create a new Slack account and start using the service,communication
mailchimp-premium59,Mailchimp premium plan with extra features,communication
todoist-developer74,"Todoist developer portal, APIs and docs",productivity
shein-cart77,Shein shopping cart and checkout,shopping
gmail,Email service from Google,communication
crunchyroll,Anime streaming service,entertainment
aliexpress-signup67,Create a new Aliexpress account and start using the service,shopping
twitch,Live game streaming and creator channels,entertainment
youtube,Video sharing and streaming platform,entertainment
applemusic-mobile20,Mobile app access for Applemusic on iOS and Android,entertainment
paramountplus-support54,Paramountplus help center and customer support,entertainment
icloud,Apple cloud storage and device backup,productivity
discord,Group chat with voice channels and communities,communication
telegram-notifications80,Telegram notifications and preferences,communication
coinbase-admin41,Coinbase admin console for managing users and settings,finance
zoom,Video conferencing and webinars,communication
confluence,Team wiki and documentation workspace,productivity
paypal,Online payment system for purchases and transfers,finance
beReal-web53,Web portal for Bereal with dashboard and tools,social
snapchat-signup99,Create a new Snapchat account and start using the service,social
paypal,Online payment system for purchases and transfers,finance
peacock-web85,Web portal for Peacock with dashboard and tools,entertainment
todoist-admin73,Todoist admin console for managing users and settings,productivity
youtube-mobile4,Mobile app access for Youtube on iOS and Android,entertainment
yahoo-support6,Yahoo help center and customer support,communication
teams-web101,Web portal for Teams with dashboard and tools,communication
figma-templates29,"Figma templates, boards and project setup",productivity
clubhouse-admin89,Clubhouse admin console for managing users and settings,social
googledrive-security24,Googledrive security settings and multi‑factor authentication,productivity
revolut,Digital banking with cards and currency exchange,finance
clickup,"Tasks, docs, goals and timelines in one place",productivity
peacock-support86,Peacock help center and customer support,entertainment
facebook,Social network to share posts and connect with friends,social
wise-mobile100,Mobile app access for Wise on iOS and Android,finance
onedrive-developer26,"Onedrive developer portal, APIs and docs",productivity
netflix-premium31,Netflix premium subscription for ad‑free streaming,entertainment
booking-developer26,"Booking developer portal, APIs and docs",shopping
crunchyroll-web21,Web portal for Crunchyroll with dashboard and tools,entertainment
yahoo-notifications96,Yahoo notifications and preferences,communication
discord-meet47,"Discord meetings, video calls and calendar",communication
venmo-mobile4,Mobile app access for Venmo on iOS and Android,finance
beReal-mobile84,Mobile app access for Bereal on iOS and Android,social
teams,"Microsoft team chat, meetings and collaboration",communication
sendgrid-developer58,"Sendgrid developer portal, APIs and docs",communication
spotify,Music streaming with playlists and podcasts,entertainment
shein,Fast‑fashion clothing e‑commerce,shopping
facebook,Social network to share posts and connect with friends,social
bestbuy,Electronics and appliances retailer,shopping
wise-developer10,"Wise developer portal, APIs and docs",finance
coinbase-security72,Coinbase security settings and multi‑factor authentication,finance
bestbuy-admin41,Bestbuy admin console for managing users and settings,shopping
threads,Text‑based social conversations app,social
robinhood-signup83,Create a new Robinhood account and start using the service,finance
weibo-security88,Weibo security settings and multi‑factor authentication,social
stripe-admin89,Stripe admin console for managing users and settings,finance
gmail,Email service from Google,communication
wellsfargo,"Bank for accounts, credit and mortgages",finance
twitter,Microblogging and real‑time updates platform,social
mailchimp-reports60,"Mailchimp analytics, usage reports and insights",communication
paramountplus-web53,Web portal for Paramountplus with dashboard and tools,entertainment
facebook,Social network to share posts and connect with friends,social
discord-channels78,"Discord channels, workspaces and integrations",communication
mastodon-ads110,Mastodon advertising manager and campaigns,social
mastodon-signup19,Create a new Mastodon account and start using the service,social
confluence,Team wiki and documentation workspace,productivity
wellsfargo-account18,Wellsfargo account management and profile settings,finance
protonmail,Privacy‑focused encrypted email,communication
target,General retail and household goods,shopping
paypal-account2,Paypal account management and profile settings,finance
onedrive-admin25,Onedrive admin console for managing users and settings,productivity
instagram-ads94,Instagram advertising manager and campaigns,social
cashapp,Personal payments and investing app,finance
tiktok,Short‑form video sharing platform,social
dropbox-mobile52,Mobile app access for Dropbox on iOS and Android,productivity
protonmail,Privacy‑focused encrypted email,communication
mastodon-login49,Login page for Mastodon account access,social
adidas-signup51,Create a new Adidas account and start using the service,shopping
clickup-login97,Login page for Clickup account access,productivity
wellsfargo-crypto48,Wellsfargo crypto wallet and trading features,finance
twitter-login97,Login page for Twitter account access,social
googledrive-signup83,Create a new Googledrive account and start using the service,productivity
chase-cards45,"Chase cards, payments and statements",finance
cashapp-mobile36,Mobile app access for Cashapp on iOS and Android,finance
doordash-reports60,"Doordash analytics, usage reports and insights",shopping
whatsapp-meet111,"Whatsapp meetings, video calls and calendar",communication
clubhouse,Drop‑in audio conversations community,social
shopify,Commerce platform for online stores,shopping
confluence-billing71,"Confluence billing, subscriptions and invoices",productivity
binance,Global cryptocurrency exchange platform,finance
weibo-reports28,"Weibo analytics, usage reports and insights",social
airtable-signup19,Create a new Airtable account and start using the service,productivity
pinterest,Visual discovery and bookmarking platform,social
audible,Audiobooks and spoken‑word entertainment,entertainment
twitter-support38,Twitter help center and customer support,social
discord-notifications48,Discord notifications and preferences,communication
zoom,Video conferencing and webinars,communication
figma-reports60,"Figma analytics, usage reports and insights",productivity
nike-cart109,Nike shopping cart and checkout,shopping
threads,Text‑based social conversations app,social
mailchimp-admin89,Mailchimp admin console for managing users and settings,communication
peacock-developer26,"Peacock developer portal, APIs and docs",entertainment
crunchyroll,Anime streaming service,entertainment
applemusic,Music streaming from Apple,entertainment
calendly-account18,Calendly account management and profile settings,productivity
amazon-orders62,"Amazon order history, tracking and returns",shopping
outlook-signup3,Create a new Outlook account and start using the service,communication
tiktok,Short‑form video sharing platform,social
spotify,Music streaming with playlists and podcasts,entertainment
primevideo,Amazon streaming for movies and series,entertainment
expedia-developer58,"Expedia developer portal, APIs and docs",shopping
evernote-reports76,"Evernote analytics, usage reports and insights",productivity
cashapp-login65,Login page for Cashapp account access,finance
jira-mobile100,Mobile app access for Jira on iOS and Android,productivity
figma,Collaborative interface design platform,productivity
jira-developer10,"Jira developer portal, APIs and docs",productivity
airtable-sharing110,"Airtable file sharing, permissions and links",productivity
primevideo-reports12,"Primevideo analytics, usage reports and insights",entertainment
skype-reports76,"Skype analytics, usage reports and insights",communication
pinterest,Visual discovery and bookmarking platform,social
notion-backup32,"Notion backups, history and versioning",productivity
slack-mobile100,Mobile app access for Slack on iOS and Android,communication
twitch-library45,"Twitch library, watchlist and downloads",entertainment
protonmail,Privacy‑focused encrypted email,communication
signal,Private secure messaging with end‑to‑end encryption,communication
vk-security56,Vk security settings and multi‑factor authentication,social
reddit-admin41,Reddit admin console for managing users and settings,social
netflix-reports92,"Netflix analytics, usage reports and insights",entertainment
coinbase,Cryptocurrency exchange and wallet service,finance
bankofamerica-invest79,"Bankofamerica investing, portfolio and markets",finance
discord-account18,Discord account management and profile settings,communication
zoom-channels14,"Zoom channels, workspaces and integrations",communication
whatsapp-account82,Whatsapp account management and profile settings,communication
chase,"US bank with checking, credit cards and loans",finance
snapchat,Ephemeral photo and video messaging app,social
coinbase,Cryptocurrency exchange and wallet service,finance
signal-billing23,"Signal billing, subscriptions and invoices",communication
amazon-seller32,Amazon seller center and storefront tools,shopping
soundcloud,Music sharing and indie streaming,entertainment
revolut-support38,Revolut help center and customer support,finance
soundcloud-offline48,Soundcloud offline downloads and playback,entertainment
amazon-premium91,Amazon premium plan with extra features,shopping
primevideo-support102,Primevideo help center and customer support,entertainment
audible-family30,Audible family profiles and parental controls,entertainment
peacock,NBC streaming for shows and sports,entertainment
audible,Audiobooks and spoken‑word entertainment,entertainment
revolut,Digital banking with cards and currency exchange,finance
applemusic-family110,Applemusic family profiles and parental controls,entertainment
trello-mobile4,Mobile app access for Trello on iOS and Android,productivity
deezer,Music streaming with curated mixes,entertainment
expedia,"Flights, hotels and travel packages",shopping
slack-security40,Slack security settings and multi‑factor authentication,communication
mastodon-creator109,Mastodon tools for creators and content management,social
fidelity,Brokerage and retirement investing,finance
audible-admin89,Audible admin console for managing users and settings,entertainment
etsy,Marketplace for handmade and vintage goods,shopping
notion-login1,Login page for Notion account access,productivity
sendgrid-reports28,"Sendgrid analytics, usage reports and insights",communication
signal,Private secure messaging with end‑to‑end encryption,communication
mastodon-account50,Mastodon account management and profile settings,social
linkedin-reports76,"Linkedin analytics, usage reports and insights",social
spotify-login65,Login page for Spotify account access,entertainment
booking-web85,Web portal for Booking with dashboard and tools,shopping
protonmail-support38,Protonmail help center and customer support,communication
snapchat-support70,Snapchat help center and customer support,social
threads,Text‑based social conversations app,social
gmailworkspaces-security56,Gmailworkspaces security settings and multi‑factor authentication,communication
soundcloud,Music sharing and indie streaming,entertainment
signal,Private secure messaging with end‑to‑end encryption,communication
whatsapp,Mobile messaging with calls and media,communication
facebook-ads62,Facebook advertising manager and campaigns,social
etsy,Marketplace for handmade and vintage goods,shopping
clubhouse-reports60,"Clubhouse analytics, usage reports and insights",social
gmail-account2,Gmail account management and profile settings,communication
target-billing103,"Target billing, subscriptions and invoices",shopping
doordash,Food delivery from local restaurants,shopping
aliexpress,Global marketplace with budget products,shopping
hulu-support70,Hulu help center and customer support,entertainment
netflix-family62,Netflix family profiles and parental controls,entertainment
max-developer74,"Max developer portal, APIs and docs",entertainment
instagram-groups63,Instagram groups and communities overview,social
twitter-security8,Twitter security settings and multi‑factor authentication,social
teams-developer42,"Teams developer portal, APIs and docs",communication
crunchyroll-support22,Crunchyroll help center and customer support,entertainment
clubhouse-creator29,Clubhouse tools for creators and content management,social
clubhouse,Drop‑in audio conversations community,social
bankofamerica,Traditional bank with credit and savings products,finance
paypal,Online payment system for purchases and transfers,finance
telegram-contacts109,"Telegram contacts, address book and labels",communication
doordash,Food delivery from local restaurants,shopping
spotify,Music streaming with playlists and podcasts,entertainment
figma-premium59,Figma premium plan with extra features,productivity
twitter-signup67,Create a new Twitter account and start using the service,social
gmail-channels62,"Gmail channels, workspaces and integrations",communication
revolut-security8,Revolut security settings and multi‑factor authentication,finance
zoom-developer74,"Zoom developer portal, APIs and docs",communication
gmailworkspaces-billing55,"Gmailworkspaces billing, subscriptions and invoices",communication
booking,Travel booking for hotels and stays,shopping
ebay,Auctions and marketplace for new and used items,shopping
jira,Issue and project tracking for software teams,productivity
revolut-billing7,"Revolut billing, subscriptions and invoices",finance
teams-admin41,Teams admin console for managing users and settings,communication
adidas-mobile52,Mobile app access for Adidas on iOS and Android,shopping
googledrive-mobile84,Mobile app access for Googledrive on iOS and Android,productivity
booking,Travel booking for hotels and stays,shopping
confluence-premium11,Confluence premium plan with extra features,productivity
outlook-login33,Login page for Outlook account access,communication
adidas-account82,Adidas account management and profile settings,shopping
onedrive-security56,Onedrive security settings and multi‑factor authentication,productivity
paypal,Online payment system for purchases and transfers,finance
peacock-admin25,Peacock admin console for managing users and settings,entertainment
gmail-login1,Login page for Gmail account access,communication
reddit,Community discussion boards and forums,social
chase-admin105,Chase admin console for managing users and settings,finance
notion,"All‑in‑one notes, tasks and docs workspace",productivity
revolut-web37,Web portal for Revolut with dashboard and tools,finance
wise,Low‑fee international money transfers and accounts,finance
walmart-mobile100,Mobile app access for Walmart on iOS and Android,shopping
linkedin-groups15,Linkedin groups and communities overview,social
skype-meet15,"Skype meetings, video calls and calendar",communication
crunchyroll,Anime streaming service,entertainment
nike,Sportswear and shoes online store,shopping
yahoo,Webmail and portal service,communication
yahoo-login65,Login page for Yahoo account access,communication
youtube-account34,Youtube account management and profile settings,entertainment
dropbox,Cloud file storage and sharing,productivity
fidelity,Brokerage and retirement investing,finance
deezer,Music streaming with curated mixes,entertainment
instagram,Photo and short‑video social network,social
hulu,TV shows and movies on demand,entertainment
linkedin-ads46,Linkedin advertising manager and campaigns,social
crunchyroll-login81,Login page for Crunchyroll account access,entertainment
bankofamerica,Traditional bank with credit and savings products,finance
aliexpress-billing7,"Aliexpress billing, subscriptions and invoices",shopping
protonmail-signup67,Create a new Protonmail account and start using the service,communication
pinterest,Visual discovery and bookmarking platform,social
quora,Q&A community where people ask and answer questions,social
confluence-developer42,"Confluence developer portal, APIs and docs",productivity
skype-premium75,Skype premium plan with extra features,communication
chase,"US bank with checking, credit cards and loans",finance
wise-support70,Wise help center and customer support,finance
wellsfargo,"Bank for accounts, credit and mortgages",finance
zoom,Video conferencing and webinars,communication
mastodon,Decentralized social networking platform,social
target-admin73,Target admin console for managing users and settings,shopping
disneyplus-security8,Disneyplus security settings and multi‑factor authentication,entertainment
evernote-admin105,Evernote admin console for managing users and settings,productivity
netflix,Streaming service for movies and TV shows,entertainment
vk,Social media and messaging platform,social
threads-ads78,Threads advertising manager and campaigns,social
outlook-contacts93,"Outlook contacts, address book and labels",communication
calendly-login17,Login page for Calendly account access,productivity
snapchat,Ephemeral photo and video messaging app,social
nike-mobile20,Mobile app access for Nike on iOS and Android,shopping
ikea,Furniture and home goods online shop,shopping
signal-security24,Signal security settings and multi‑factor authentication,communication
revolut-mobile68,Mobile app access for Revolut on iOS and Android,finance
facebook-groups31,Facebook groups and communities overview,social
teams,"Microsoft team chat, meetings and collaboration",communication
bankofamerica-signup19,Create a new Bankofamerica account and start using the service,finance
adidas,Athletic apparel and footwear shop,shopping
amazon,Online marketplace for a wide range of products,shopping
evernote-sharing46,"Evernote file sharing, permissions and links",productivity
cashapp,Personal payments and investing app,finance
zoom-admin73,Zoom admin console for managing users and settings,communication
asana-web5,Web portal for Asana with dashboard and tools,productivity
paypal-reports92,"Paypal analytics, usage reports and insights",finance
yahoo-web5,Web portal for Yahoo with dashboard and tools,communication
doordash,Food delivery from local restaurants,shopping
snapchat-mobile100,Mobile app access for Snapchat on iOS and Android,social
beReal-signup83,Create a new Bereal account and start using the service,social
airtable-automation79,"Airtable automations, rules and integrations",productivity
instagram-account34,Instagram account management and profile settings,social
zoom-contacts13,"Zoom contacts, address book and labels",communication
ebay,Auctions and marketplace for new and used items,shopping
tiktok-groups95,Tiktok groups and communities overview,social
gmail-premium91,Gmail premium plan with extra features,communication
zoom-reports44,"Zoom analytics, usage reports and insights",communication
paramountplus-signup83,Create a new Paramountplus account and start using the service,entertainment
binance,Global cryptocurrency exchange platform,finance
pinterest-creator13,Pinterest tools for creators and content management,social
asana,Project and task management for teams,productivity
dropbox-account82,Dropbox account management and profile settings,productivity
trello-sharing94,"Trello file sharing, permissions and links",productivity
telegram-login49,Login page for Telegram account access,communication
peacock,NBC streaming for shows and sports,entertainment
applemusic-offline80,Applemusic offline downloads and playback,entertainment
vk-developer26,"Vk developer portal, APIs and docs",social
cashapp-support6,Cashapp help center and customer support,finance
robinhood,Commission‑free stock and crypto trading app,finance
calendly-premium107,Calendly premium plan with extra features,productivity
crunchyroll-premium111,Crunchyroll premium subscription for ad‑free streaming,entertainment
icloud-developer58,"Icloud developer portal, APIs and docs",productivity
shein,Fast‑fashion clothing e‑commerce,shopping
pinterest-billing103,"Pinterest billing, subscriptions and invoices",social
americanexpress,Credit cards and financial services,finance
disneyplus-mobile68,Mobile app access for Disneyplus on iOS and Android,entertainment
twitch-family46,Twitch family profiles and parental controls,entertainment
dropbox,Cloud file storage and sharing,productivity
reddit-reports12,"Reddit analytics, usage reports and insights",social
vk-web85,Web portal for Vk with dashboard and tools,social
binance-security104,Binance security settings and multi‑factor authentication,finance
stripe-premium59,Stripe premium plan with extra features,finance
twitch,Live game streaming and creator channels,entertainment
expedia-billing87,"Expedia billing, subscriptions and invoices",shopping
chase-crypto16,Chase crypto wallet and trading features,finance
threads-creator77,Threads tools for creators and content management,social
soundcloud-library77,"Soundcloud library, watchlist and downloads",entertainment
primevideo,Amazon streaming for movies and series,entertainment
wise-admin9,Wise admin console for managing users and settings,finance
stripe-developer90,"Stripe developer portal, APIs and docs",finance
notion-templates61,"Notion templates, boards and project setup",productivity
figma-sharing30,"Figma file sharing, permissions and links",productivity
clickup-web37,Web portal for Clickup with dashboard and tools,productivity
confluence-reports12,"Confluence analytics, usage reports and insights",productivity
aliexpress-login97,Login page for Aliexpress account access,shopping
primevideo-premium11,Primevideo premium plan with extra features,entertainment
bestbuy,Electronics and appliances retailer,shopping
facebook,Social network to share posts and connect with friends,social
adidas,Athletic apparel and footwear shop,shopping
linkedin-admin105,Linkedin admin console for managing users and settings,social
bestbuy-reports12,"Bestbuy analytics, usage reports and insights",shopping
venmo-signup3,Create a new Venmo account and start using the service,finance
reddit-premium11,Reddit premium plan with extra features,social
disneyplus-billing7,"Disneyplus billing, subscriptions and invoices",entertainment
instagram,Photo and short‑video social network,social
amazon-reports92,"Amazon analytics, usage reports and insights",shopping
bestbuy-billing71,"Bestbuy billing, subscriptions and invoices",shopping
hulu-developer10,"Hulu developer portal, APIs and docs",entertainment
nike-wishlist79,Nike wishlist and saved items,shopping
protonmail-account98,Protonmail account management and profile settings,communication
wellsfargo-transfers78,Wellsfargo money transfers and recipients,finance
trello-account34,Trello account management and profile settings,productivity
doordash-cart29,Doordash shopping cart and checkout,shopping
wise-billing39,"Wise billing, subscriptions and invoices",finance
threads-account18,Threads account management and profile settings,social
adidas,Athletic apparel and footwear shop,shopping
slack-web69,Web portal for Slack with dashboard and tools,communication
nike,Sportswear and shoes online store,shopping
whatsapp,Mobile messaging with calls and media,communication
coinbase-developer42,"Coinbase developer portal, APIs and docs",finance
vk-admin25,Vk admin console for managing users and settings,social
expedia-security88,Expedia security settings and multi‑factor authentication,shopping
sendgrid-premium27,Sendgrid premium plan with extra features,communication
gmail,Email service from Google,communication
doordash-admin89,Doordash admin console for managing users and settings,shopping
bestbuy-premium11,Bestbuy premium plan with extra features,shopping
onedrive,Microsoft cloud storage and file sync,productivity
etsy-web5,Web portal for Etsy with dashboard and tools,shopping
bankofamerica,Traditional bank with credit and savings products,finance
target-orders14,"Target order history, tracking and returns",shopping
adidas,Athletic apparel and footwear shop,shopping
netflix-account2,Netflix account management and profile settings,entertainment
amazon,Online marketplace for a wide range of products,shopping
airtable,Spreadsheet‑database for organizing work,productivity
paramountplus,Streaming platform for series and movies,entertainment
doordash-developer90,"Doordash developer portal, APIs and docs",shopping
mastodon,Decentralized social networking platform,social
nike-account50,Nike account management and profile settings,shopping
reddit-support102,Reddit help center and customer support,social
figma-admin89,Figma admin console for managing users and settings,productivity
shein,Fast‑fashion clothing e‑commerce,shopping
figma,Collaborative interface design platform,productivity
linkedin,Professional networking and career profiles,social
wise-security40,Wise security settings and multi‑factor authentication,finance
todoist-sharing14,"Todoist file sharing, permissions and links",productivity
snapchat-web69,Web portal for Snapchat with dashboard and tools,social
mailchimp,Email marketing and audience management,communication
sendgrid-admin57,Sendgrid admin console for managing users and settings,communication
onedrive-billing55,"Onedrive billing, subscriptions and invoices",productivity
deezer-admin57,Deezer admin console for managing users and settings,entertainment
evernote-premium75,Evernote premium plan with extra features,productivity
trello-signup3,Create a new Trello account and start using the service,productivity
mastodon-events80,Mastodon events planning and invitations,social
tiktok-mobile36,Mobile app access for Tiktok on iOS and Android,social
reddit-web101,Web portal for Reddit with dashboard and tools,social
discord,Group chat with voice channels and communities,communication
shopify,Commerce platform for online stores,shopping
sofi-premium27,Sofi premium plan with extra features,finance
twitch-admin105,Twitch admin console for managing users and settings,entertainment
aliexpress,Global marketplace with budget products,shopping
trello-automation63,"Trello automations, rules and integrations",productivity
tiktok-support6,Tiktok help center and customer support,social
trello-templates93,"Trello templates, boards and project setup",productivity
vk,Social media and messaging platform,social
telegram-meet79,"Telegram meetings, video calls and calendar",communication
primevideo,Amazon streaming for movies and series,entertainment
sofi-developer58,"Sofi developer portal, APIs and docs",finance
paypal-premium91,Paypal premium plan with extra features,finance
googledrive,Google cloud storage and file sync,productivity
soundcloud-premium47,Soundcloud premium subscription for ad‑free streaming,entertainment
crunchyroll-account82,Crunchyroll account management and profile settings,entertainment
todoist-premium43,Todoist premium plan with extra features,productivity
walmart,Retailer for groceries and general goods,shopping
venmo-crypto64,Venmo crypto wallet and trading features,finance
max-admin73,Max admin console for managing users and settings,entertainment
sofi-billing87,"Sofi billing, subscriptions and invoices",finance
signal-support54,Signal help center and customer support,communication
reddit,Community discussion boards and forums,social
dropbox,Cloud file storage and sharing,productivity
youtube-library93,"Youtube library, watchlist and downloads",entertainment
aliexpress-web37,Web portal for Aliexpress with dashboard and tools,shopping
youtube-login33,Login page for Youtube account access,entertainment
etsy-signup35,Create a new Etsy account and start using the service,shopping
zoom-billing103,"Zoom billing, subscriptions and invoices",communication
snapchat,Ephemeral photo and video messaging app,social
twitter-account98,Twitter account management and profile settings,social
asana-signup35,Create a new Asana account and start using the service,productivity
etsy-login65,Login page for Etsy account access,shopping
calendly-backup48,"Calendly backups, history and versioning",productivity
twitch-developer106,"Twitch developer portal, APIs and docs",entertainment
slack-developer10,"Slack developer portal, APIs and docs",communication
sendgrid,Transactional and marketing email delivery,communication
chase-developer106,"Chase developer portal, APIs and docs",finance
binance-cards13,"Binance cards, payments and statements",finance
beReal,Authentic daily photo sharing with friends,social
target-cart13,Target shopping cart and checkout,shopping
primevideo-security72,Primevideo security settings and multi‑factor authentication,entertainment
tiktok-events96,Tiktok events planning and invitations,social
ikea-signup83,Create a new Ikea account and start using the service,shopping
americanexpress,Credit cards and financial services,finance
max,Premium shows and films (HBO Max),entertainment
chase-premium75,Chase premium plan with extra features,finance
fidelity,Brokerage and retirement investing,finance
skype,Voice and video calling with chat,communication
quora-account82,Quora account management and profile settings,social
coinbase-premium11,Coinbase premium plan with extra features,finance
robinhood-security24,Robinhood security settings and multi‑factor authentication,finance
slack-support70,Slack help center and customer support,communication
robinhood-web53,Web portal for Robinhood with dashboard and tools,finance
gmailworkspaces,Business email and collaboration suite,communication
etsy-account66,Etsy account management and profile settings,shopping
asana-login65,Login page for Asana account access,productivity
nike,Sportswear and shoes online store,shopping
amazon-login1,Login page for Amazon account access,shopping
etsy-mobile36,Mobile app access for Etsy on iOS and Android,shopping
weibo,Chinese microblogging social network,social
netflix-premium91,Netflix premium plan with extra features,entertainment
skype-channels46,"Skype channels, workspaces and integrations",communication
calendly-sharing78,"Calendly file sharing, permissions and links",productivity
jira,Issue and project tracking for software teams,productivity
evernote-templates45,"Evernote templates, boards and project setup",productivity
ikea-web53,Web portal for Ikea with dashboard and tools,shopping
cashapp-signup35,Create a new Cashapp account and start using the service,finance
youtube-family94,Youtube family profiles and parental controls,entertainment
booking,Travel booking for hotels and stays,shopping
icloud,Apple cloud storage and device backup,productivity
trello,Kanban boards for tasks and projects,productivity
expedia-admin57,Expedia admin console for managing users and settings,shopping
paramountplus,Streaming platform for series and movies,entertainment
expedia-premium27,Expedia premium plan with extra features,shopping
notion-sharing62,"Notion file sharing, permissions and links",productivity
yahoo-signup35,Create a new Yahoo account and start using the service,communication
ebay,Auctions and marketplace for new and used items,shopping
spotify-support6,Spotify help center and customer support,entertainment
revolut-signup67,Create a new Revolut account and start using the service,finance
confluence-web101,Web portal for Confluence with dashboard and tools,productivity
teams-security72,Teams security settings and multi‑factor authentication,communication
telegram,Cloud‑based messaging with large groups,communication
linkedin-premium75,Linkedin premium plan with extra features,social
evernote-backup16,"Evernote backups, history and versioning",productivity
binance-reports44,"Binance analytics, usage reports and insights",finance
ikea-security24,Ikea security settings and multi‑factor authentication,shopping
primevideo-billing71,"Primevideo billing, subscriptions and invoices",entertainment
trello,Kanban boards for tasks and projects,productivity
sendgrid,Transactional and marketing email delivery,communication
walmart,Retailer for groceries and general goods,shopping
etsy-support6,Etsy help center and customer support,shopping
chase,"US bank with checking, credit cards and loans",finance
airtable,Spreadsheet‑database for organizing work,productivity
asana-support6,Asana help center and customer support,productivity
coinbase,Cryptocurrency exchange and wallet service,finance
hulu,TV shows and movies on demand,entertainment
whatsapp-signup51,Create a new Whatsapp account and start using the service,communication
target-premium43,Target premium plan with extra features,shopping
icloud-reports28,"Icloud analytics, usage reports and insights",productivity
discord,Group chat with voice channels and communities,communication
paypal-cards61,"Paypal cards, payments and statements",finance
dropbox-signup51,Create a new Dropbox account and start using the service,productivity
peacock,NBC streaming for shows and sports,entertainment
deezer-security88,Deezer security settings and multi‑factor authentication,entertainment
wellsfargo-cards77,"Wellsfargo cards, payments and statements",finance
mailchimp,Email marketing and audience management,communication
outlook-account34,Outlook account management and profile settings,communication
wise,Low‑fee international money transfers and accounts,finance
nike-seller80,Nike seller center and storefront tools,shopping
clickup-account98,Clickup account management and profile settings,productivity
outlook,Microsoft email and calendar service,communication
slack-admin9,Slack admin console for managing users and settings,communication
youtube-signup3,Create a new Youtube account and start using the service,entertainment
youtube,Video sharing and streaming platform,entertainment
target,General retail and household goods,shopping
ebay-wishlist63,Ebay wishlist and saved items,shopping
shein-seller48,Shein seller center and storefront tools,shopping
applemusic-premium79,Applemusic premium subscription for ad‑free streaming,entertainment
shopify,Commerce platform for online stores,shopping
notion,"All‑in‑one notes, tasks and docs workspace",productivity
disneyplus,"Streaming for Disney, Pixar, Marvel and Star Wars",entertainment
walmart,Retailer for groceries and general goods,shopping
disneyplus-web37,Web portal for Disneyplus with dashboard and tools,entertainment
ikea,Furniture and home goods online shop,shopping
crunchyroll-signup51,Create a new Crunchyroll account and start using the service,entertainment
onedrive-web85,Web portal for Onedrive with dashboard and tools,productivity
weibo-admin57,Weibo admin console for managing users and settings,social
americanexpress,Credit cards and financial services,finance
dropbox,Cloud file storage and sharing,productivity
threads,Text‑based social conversations app,social
twitch-offline16,Twitch offline downloads and playback,entertainment
beReal-security24,Bereal security settings and multi‑factor authentication,social
deezer,Music streaming with curated mixes,entertainment
venmo,Mobile peer‑to‑peer money transfer app,finance
max,Premium shows and films (HBO Max),entertainment
aliexpress-support38,Aliexpress help center and customer support,shopping
shopify-seller16,Shopify seller center and storefront tools,shopping
walmart-admin9,Walmart admin console for managing users and settings,shopping
target-developer74,"Target developer portal, APIs and docs",shopping
todoist-reports44,"Todoist analytics, usage reports and insights",productivity
instagram-events64,Instagram events planning and invitations,social
primevideo-developer42,"Primevideo developer portal, APIs and docs",entertainment
bankofamerica-login49,Login page for Bankofamerica account access,finance
airtable-account50,Airtable account management and profile settings,productivity
applemusic-login49,Login page for Applemusic account access,entertainment
evernote-automation15,"Evernote automations, rules and integrations",productivity
gmailworkspaces,Business email and collaboration suite,communication
spotify-signup35,Create a new Spotify account and start using the service,entertainment
aliexpress,Global marketplace with budget products,shopping
sofi,"Loans, credit and personal finance app",finance
slack-billing39,"Slack billing, subscriptions and invoices",communication
onedrive,Microsoft cloud storage and file sync,productivity
zoom,Video conferencing and webinars,communication
asana-account66,Asana account management and profile settings,productivity
walmart-developer10,"Walmart developer portal, APIs and docs",shopping
venmo-account34,Venmo account management and profile settings,finance
instagram-signup3,Create a new Instagram account and start using the service,social
clickup-signup67,Create a new Clickup account and start using the service,productivity
spotify,Music streaming with playlists and podcasts,entertainment
ebay-seller64,Ebay seller center and storefront tools,shopping
twitch,Live game streaming and creator channels,entertainment
calendly-automation47,"Calendly automations, rules and integrations",productivity
netflix,Streaming service for movies and TV shows,entertainment
jira,Issue and project tracking for software teams,productivity
confluence,Team wiki and documentation workspace,productivity
tiktok-account66,Tiktok account management and profile settings,social
notion-premium91,Notion premium plan with extra features,productivity
jira-security40,Jira security settings and multi‑factor authentication,productivity
applemusic,Music streaming from Apple,entertainment
telegram,Cloud‑based messaging with large groups,communication
netflix-login1,Login page for Netflix account access,entertainment
facebook-events32,Facebook events planning and invitations,social
quora-support22,Quora help center and customer support,social
evernote,Notes organization and web clipping,productivity
ebay-mobile4,Mobile app access for Ebay on iOS and Android,shopping
robinhood,Commission‑free stock and crypto trading app,finance
clubhouse-developer90,"Clubhouse developer portal, APIs and docs",social
mastodon,Decentralized social networking platform,social
amazon-wishlist31,Amazon wishlist and saved items,shopping
binance,Global cryptocurrency exchange platform,finance
zoom-security104,Zoom security settings and multi‑factor authentication,communication
jira-support70,Jira help center and customer support,productivity
mailchimp-channels30,"Mailchimp channels, workspaces and integrations",communication
americanexpress-login81,Login page for Americanexpress account access,finance
sendgrid,Transactional and marketing email delivery,communication
asana,Project and task management for teams,productivity
slack,Team messaging and channels for work,communication
netflix-library61,"Netflix library, watchlist and downloads",entertainment
telegram-channels110,"Telegram channels, workspaces and integrations",communication
instagram,Photo and short‑video social network,social
reddit-developer42,"Reddit developer portal, APIs and docs",social
gmail-reports92,"Gmail analytics, usage reports and insights",communication
disneyplus-account98,Disneyplus account management and profile settings,entertainment
vk-support86,Vk help center and customer support,social
etsy-wishlist95,Etsy wishlist and saved items,shopping
max-library13,"Max library, watchlist and downloads",entertainment
ebay-signup3,Create a new Ebay account and start using the service,shopping
booking-support86,Booking help center and customer support,shopping
pinterest-premium43,Pinterest premium plan with extra features,social
clickup,"Tasks, docs, goals and timelines in one place",productivity
snapchat-developer10,"Snapchat developer portal, APIs and docs",social
linkedin,Professional networking and career profiles,social
weibo-premium27,Weibo premium plan with extra features,social
skype-developer106,"Skype developer portal, APIs and docs",communication
gmail,Email service from Google,communication
binance-transfers14,Binance money transfers and recipients,finance
trello-backup64,"Trello backups, history and versioning",productivity
venmo-login33,Login page for Venmo account access,finance
googledrive,Google cloud storage and file sync,productivity
tiktok-signup35,Create a new Tiktok account and start using the service,social
doordash-orders30,"Doordash order history, tracking and returns",shopping
outlook,Microsoft email and calendar service,communication
googledrive-support54,Googledrive help center and customer support,productivity
asana,Project and task management for teams,productivity
clickup-support38,Clickup help center and customer support,productivity
fidelity-support86,Fidelity help center and customer support,finance
googledrive,Google cloud storage and file sync,productivity
sofi,"Loans, credit and personal finance app",finance
jira-billing39,"Jira billing, subscriptions and invoices",productivity
gmailworkspaces-web85,Web portal for Gmailworkspaces with dashboard and tools,communication
whatsapp-login81,Login page for Whatsapp account access,communication
nike,Sportswear and shoes online store,shopping
jira,Issue and project tracking for software teams,productivity
nike-signup19,Create a new Nike account and start using the service,shopping
wise,Low‑fee international money transfers and accounts,finance
robinhood-billing23,"Robinhood billing, subscriptions and invoices",finance
threads-reports108,"Threads analytics, usage reports and insights",social
disneyplus,"Streaming for Disney, Pixar, Marvel and Star Wars",entertainment
confluence-admin41,Confluence admin console for managing users and settings,productivity
skype-contacts45,"Skype contacts, address book and labels",communication
googledrive-billing23,"Googledrive billing, subscriptions and invoices",productivity
yahoo-meet95,"Yahoo meetings, video calls and calendar",communication
todoist,Personal and team to‑do lists and projects,productivity
jira-web69,Web portal for Jira with dashboard and tools,productivity
reddit,Community discussion boards and forums,social
max-premium43,Max premium plan with extra features,entertainment
protonmail-web37,Web portal for Protonmail with dashboard and tools,communication
facebook-login1,Login page for Facebook account access,social
walmart-web69,Web portal for Walmart with dashboard and tools,shopping
walmart-signup99,Create a new Walmart account and start using the service,shopping
primevideo,Amazon streaming for movies and series,entertainment
beReal-support54,Bereal help center and customer support,social
fidelity-developer26,"Fidelity developer portal, APIs and docs",finance
beReal-billing23,"Bereal billing, subscriptions and invoices",social
confluence-security72,Confluence security settings and multi‑factor authentication,productivity
spotify-web5,Web portal for Spotify with dashboard and tools,entertainment
outlook,Microsoft email and calendar service,communication
whatsapp,Mobile messaging with calls and media,communication
whatsapp-support22,Whatsapp help center and customer support,communication
facebook-creator61,Facebook tools for creators and content management,social
outlook-mobile4,Mobile app access for Outlook on iOS and Android,communication
target,General retail and household goods,shopping
max,Premium shows and films (HBO Max),entertainment
protonmail-security8,Protonmail security settings and multi‑factor authentication,communication
todoist,Personal and team to‑do lists and projects,productivity
bankofamerica-account50,Bankofamerica account management and profile settings,finance
snapchat-admin9,Snapchat admin console for managing users and settings,social
wise-signup99,Create a new Wise account and start using the service,finance
disneyplus,"Streaming for Disney, Pixar, Marvel and Star Wars",entertainment
yahoo-mobile36,Mobile app access for Yahoo on iOS and Android,communication
coinbase-billing71,"Coinbase billing, subscriptions and invoices",finance
quora-groups111,Quora groups and communities overview,social
etsy,Marketplace for handmade and vintage goods,shopping
shopify-developer106,"Shopify developer portal, APIs and docs",shopping
disneyplus-login97,Login page for Disneyplus account access,entertainment
confluence,Team wiki and documentation workspace,productivity
teams,"Microsoft team chat, meetings and collaboration",communication
aliexpress-account98,Aliexpress account management and profile settings,shopping
youtube,Video sharing and streaming platform,entertainment
airtable-templates109,"Airtable templates, boards and project setup",productivity
americanexpress-signup51,Create a new Americanexpress account and start using the service,finance
max-reports44,"Max analytics, usage reports and insights",entertainment
expedia-reports28,"Expedia analytics, usage reports and insights",shopping
primevideo-admin41,Primevideo admin console for managing users and settings,entertainment
todoist,Personal and team to‑do lists and projects,productivity
chase-invest15,"Chase investing, portfolio and markets",finance
calendly,Scheduling and meeting booking tool,productivity
dropbox-web21,Web portal for Dropbox with dashboard and tools,productivity
yahoo,Webmail and portal service,communication
jira-admin9,Jira admin console for managing users and settings,productivity
disneyplus,"Streaming for Disney, Pixar, Marvel and Star Wars",entertainment
snapchat-billing39,"Snapchat billing, subscriptions and invoices",social
outlook-channels94,"Outlook channels, workspaces and integrations",communication
hulu-security40,Hulu security settings and multi‑factor authentication,entertainment
shopify-wishlist15,Shopify wishlist and saved items,shopping
googledrive-web53,Web portal for Googledrive with dashboard and tools,productivity
sofi-admin57,Sofi admin console for managing users and settings,finance
linkedin,Professional networking and career profiles,social
revolut-account98,Revolut account management and profile settings,finance
signal-mobile84,Mobile app access for Signal on iOS and Android,communication
threads-premium107,Threads premium plan with extra features,social
binance-admin73,Binance admin console for managing users and settings,finance
adidas-login81,Login page for Adidas account access,shopping
wellsfargo,"Bank for accounts, credit and mortgages",finance
yahoo,Webmail and portal service,communication
notion-reports92,"Notion analytics, usage reports and insights",productivity
signal-web53,Web portal for Signal with dashboard and tools,communication
skype-admin105,Skype admin console for managing users and settings,communication
protonmail,Privacy‑focused encrypted email,communication
clickup-mobile68,Mobile app access for Clickup on iOS and Android,productivity
cashapp,Personal payments and investing app,finance
soundcloud-premium107,Soundcloud premium plan with extra features,entertainment
weibo-billing87,"Weibo billing, subscriptions and invoices",social
applemusic,Music streaming from Apple,entertainment
booking-admin25,Booking admin console for managing users and settings,shopping
twitter,Microblogging and real‑time updates platform,social
gmailworkspaces-developer26,"Gmailworkspaces developer portal, APIs and docs",communication
clubhouse,Drop‑in audio conversations community,social
signal-signup83,Create a new Signal account and start using the service,communication
bankofamerica-cards109,"Bankofamerica cards, payments and statements",finance
paypal-crypto32,Paypal crypto wallet and trading features,finance
mailchimp,Email marketing and audience management,communication
quora-login81,Login page for Quora account access,social
twitch-reports76,"Twitch analytics, usage reports and insights",entertainment
pinterest-ads14,Pinterest advertising manager and campaigns,social
dropbox-support22,Dropbox help center and customer support,productivity
threads-events48,Threads events planning and invitations,social
reddit-billing71,"Reddit billing, subscriptions and invoices",social
wise-web69,Web portal for Wise with dashboard and tools,finance
shein-account18,Shein account management and profile settings,shopping
protonmail-mobile68,Mobile app access for Protonmail on iOS and Android,communication
snapchat,Ephemeral photo and video messaging app,social
